{"cpu_average": 3.5585858585858596, "memory_average": 14.630050505050498, "total_time": 39.7510712146759}