{"cpu_average": 7.685350318471339, "memory_average": 1.3063694267515897, "total_time": 28.338279247283936}