{"cpu_average": 16.523076923076925, "memory_average": 0.0, "total_time": 11.844332456588745}