{"cpu_average": 6.693478260869565, "memory_average": 1.256521739130431, "total_time": 18.613017320632935}