{"cpu_average": 15.953913043478263, "memory_average": 0.0, "total_time": 11.572004318237305}